"","rownumber","covariates.formula","covariates.rownumber","R2c","R2m","Avrate_OR","Avrate_LCI","Avrate_UCI","R2_first_covariate","Pval_first_covariate","Model Covariates"
"64",64,"age","64",0.213169961493469,0.0160515835934165,1.06358950115968,1.04723224908312,1.08020224545943,0.0616495092959672,6.38240272386334e-15,"1"
"65",65,"avrate+age","65",0.213890148467301,0.0173300220502156,1.24398773990131,0.996353100619205,1.55316975082733,0.218322138883624,0.0538919117108943,"2"
"66",66,"position+age","66",0.214504693905997,0.0256613954113168,1.54187677972532,1.32541187587886,1.7936945089463,0.433000362561261,2.02322168749225e-08,"2"
"67",67,"avrate+position+age","67",0.215338873939517,0.027112464040758,1.27701465873888,1.02180092946084,1.59597274930496,0.244525056028279,0.0315907765594824,"3"
"68",68,"yellowCards+age","68",0.177145130698268,0.0351555954581483,1.413111695092,1.360580306242,1.46767129705214,0.345794148767916,1.39778167641511e-71,"2"
"69",69,"avrate+yellowCards+age","69",0.177719058735524,0.0369441108359151,1.29388913504065,1.04388126224185,1.60377348874032,0.257652516241878,0.0186729299514321,"3"
"70",70,"position+yellowCards+age","70",0.178659489430687,0.0441380318521948,1.54870029683344,1.33695209641371,1.79398545082186,0.437416061006169,5.50397085549134e-09,"3"
"71",71,"avrate+position+yellowCards+age","71",0.179383148675822,0.0462383181508075,1.3404777321513,1.0804303739753,1.66311554513421,0.293026066956721,0.00774470371242731,"4"
"72",72,"height+age","72",0.213594542880443,0.017236436530701,1.01125868415135,1.00169708869422,1.02091154882422,0.0111957768952033,0.0208996548886591,"2"
"73",73,"avrate+height+age","73",0.214338474528267,0.0186274960608625,1.26380111691868,1.01283171341077,1.57695818760085,0.234123939134862,0.038186370144071,"3"
"74",74,"position+height+age","74",0.214662601977978,0.0258797043517916,1.50213630846055,1.28121841560578,1.76114662551789,0.406888300529586,5.35275487591286e-07,"3"
"75",75,"avrate+position+height+age","75",0.215486888701843,0.0273520834837087,1.28177260815609,1.02588543854152,1.60148585533586,0.248243970032916,0.0288966819311357,"4"
"76",76,"yellowCards+height+age","76",0.177338336082465,0.0374037794512349,1.41874821875661,1.36595202880374,1.47358506432165,0.349774946744839,4.82138681803653e-73,"3"
"77",77,"avrate+yellowCards+height+age","77",0.177886916047756,0.0393746545173049,1.32066811223876,1.06699877232668,1.63464505107254,0.278137754185204,0.0105917327163831,"4"
"78",78,"position+yellowCards+height+age","78",0.178780262261096,0.0444749859173216,1.50610486901168,1.29090360055152,1.75718146226533,0.409526761091262,1.93129159630006e-07,"4"
"79",79,"avrate+position+yellowCards+height+age","79",0.179474148721659,0.0466173027040851,1.34604650201308,1.08536402972162,1.66933962796461,0.29717177892671,0.00681349352534371,"5"
"80",80,"weight+age","80",0.213430340112683,0.0170830998765336,1.01035549943177,1.00120935033841,1.01958519952594,0.0103022485582863,0.026387581035247,"2"
"81",81,"avrate+weight+age","81",0.214107013825694,0.0183524113129782,1.24906496761345,1.00119649349868,1.55829879893728,0.222395245493996,0.0487743036673254,"3"
"82",82,"position+weight+age","82",0.214662329578206,0.0259463637130208,1.50106275047972,1.28210210888739,1.75741804436549,0.406173357560114,4.441665343257e-07,"3"
"83",83,"avrate+position+weight+age","83",0.215445944196685,0.0273643433469063,1.27515324842141,1.02063133598915,1.59314705479213,0.24306636622789,0.0323761593412665,"4"
"84",84,"yellowCards+weight+age","84",0.177363216143125,0.0370234703956278,1.417215227212,1.36450983839349,1.47195640788218,0.34869383852668,1.07180104078852e-72,"3"
"85",85,"avrate+yellowCards+weight+age","85",0.177851416937122,0.0387819189872342,1.29938109438156,1.0496981428206,1.60845404937023,0.261888069859877,0.0161518987682206,"4"
"86",86,"position+yellowCards+weight+age","86",0.178858758301253,0.0444559063531852,1.51233835891418,1.29790121802167,1.76220445753911,0.413657035072453,1.14409977853538e-07,"4"
"87",87,"avrate+position+yellowCards+weight+age","87",0.179519950312825,0.0465187801753383,1.3385240332891,1.07920320795265,1.66015684024092,0.291567539206767,0.00796123087021347,"5"
"88",88,"height+weight+age","88",0.213571193314465,0.0173028149613662,1.00722873752785,0.991826987300644,1.02286965639344,0.0072027354377247,0.359593532288703,"3"
"89",89,"avrate+height+weight+age","89",0.21429993934982,0.0186600678708348,1.26013177932088,1.00968372623141,1.57270248098507,0.231216302257172,0.0408342899923913,"4"
"90",90,"position+height+weight+age","90",0.214684159403836,0.0259585848449461,1.4963316154342,1.27568404702317,1.75514329631439,0.403016523058538,7.37258383723414e-07,"4"
"91",91,"avrate+position+height+weight+age","91",0.215484724902089,0.0273959867336289,1.27823655942775,1.02280925964791,1.59745200431617,0.245481440099884,0.0309085693859137,"5"
"92",92,"yellowCards+height+weight+age","92",0.177379985875803,0.037507363938621,1.4187833493641,1.36598967933486,1.47361742397129,0.349799708131026,4.59805722594594e-73,"4"
"93",93,"avrate+yellowCards+height+weight+age","93",0.177901268845922,0.0394282470383782,1.31659149730572,1.06347244257488,1.62995588920084,0.275046197961307,0.0115735168531457,"5"
"94",94,"position+yellowCards+height+weight+age","94",0.178836551522709,0.0445160747399599,1.50290354976654,1.28759926848536,1.75420966381711,0.407398936899721,2.41458544163997e-07,"5"
"95",95,"avrate+position+yellowCards+height+weight+age","95",0.179498826576595,0.0466308365352031,1.34441734883896,1.08375709824539,1.66777039872262,0.29596072130724,0.00711496637622929,"6"
"192",192,"age+meanIAT","192",0.213460092570077,0.0161352404322968,1.06354992649866,1.04719117624852,1.08016422579832,0.0616123000180883,6.67792846920093e-15,"2"
"193",193,"avrate+age+meanIAT","193",0.214214182709713,0.017430523919469,1.24624857025289,0.998018184126706,1.55621963964154,0.220137895053846,0.0520815071756862,"3"
"194",194,"position+age+meanIAT","194",0.214791993887655,0.0257407274660609,1.54181980102252,1.32538503834582,1.79359826016451,0.43296340775633,2.02157670799322e-08,"3"
"195",195,"avrate+position+age+meanIAT","195",0.21566503855932,0.0272092060675221,1.27967286817897,1.02375625595898,1.59956302100389,0.246604473532321,0.0302957937689612,"4"
"196",196,"yellowCards+age+meanIAT","196",0.177301772670643,0.0351786982605361,1.41306386585108,1.36052940311737,1.46762685495724,0.345760301443223,1.48665053183457e-71,"3"
"197",197,"avrate+yellowCards+age+meanIAT","197",0.177919781527082,0.036981810399066,1.29598303446348,1.0453571795903,1.60669679073274,0.259269507152639,0.0180539472147666,"4"
"198",198,"position+yellowCards+age+meanIAT","198",0.178829819325797,0.0441614388962641,1.54869112834883,1.33696181680033,1.79395116665817,0.437410140873163,5.48933315117196e-09,"4"
"199",199,"avrate+position+yellowCards+age+meanIAT","199",0.179599495428885,0.0462766843954485,1.34316851359278,1.08235325550631,1.66683256758268,0.295031385166942,0.007397378992131,"5"
"200",200,"height+age+meanIAT","200",0.213925527105979,0.0173351430917067,1.01132417518425,1.00175930389809,1.02098037256278,0.0112605366973687,0.0202057841251413,"3"
"201",201,"avrate+height+age+meanIAT","201",0.214698581513357,0.0187434172358112,1.26663946006666,1.01495736618506,1.58073193539978,0.236367298938817,0.0364990883485077,"4"
"202",202,"position+height+age+meanIAT","202",0.214967456543546,0.0259644388366606,1.50163236134775,1.28080664188754,1.76053096142892,0.406552757301775,5.45641010375508e-07,"4"
"203",203,"avrate+position+height+age+meanIAT","203",0.21582794499404,0.0274539959786894,1.28468704965059,1.02804651998973,1.60539507060091,0.250515147558279,0.0275784018146588,"5"
"204",204,"yellowCards+height+age+meanIAT","204",0.177549766600486,0.0374379904348344,1.41870542449936,1.36590429442328,1.47354766342084,0.349744782898917,5.16884676152379e-73,"4"
"205",205,"avrate+yellowCards+height+age+meanIAT","205",0.178131502087697,0.0394258571120395,1.32364352880686,1.06918330201785,1.6386640046152,0.28038818320246,0.0100503718904664,"5"
"206",206,"position+yellowCards+height+age+meanIAT","206",0.178970071811651,0.0445025373511763,1.50572172071058,1.29059041305696,1.75671373139168,0.409272331899037,1.96101405048384e-07,"5"
"207",207,"avrate+position+yellowCards+height+age+meanIAT","207",0.179705144522513,0.0466608554002282,1.34908506322154,1.08756754954369,1.67348732368034,0.299426631739893,0.00645966042400187,"6"
"208",208,"weight+age+meanIAT","208",0.213746275956683,0.0171757094292421,1.01039243287525,1.00124477452324,1.01962366684778,0.0103388027894136,0.025877131683177,"3"
"209",209,"avrate+weight+age+meanIAT","209",0.214453063985051,0.0184611295399071,1.25156648150965,1.00305890000396,1.56164175167806,0.224395951940765,0.0469214031719509,"4"
"210",210,"position+weight+age+meanIAT","210",0.214960614263199,0.0260286654040748,1.50079577645676,1.28189502690593,1.75707676163388,0.405995485071274,4.48107290364049e-07,"4"
"211",211,"avrate+position+weight+age+meanIAT","211",0.215780147362042,0.0274632751371286,1.27788485315565,1.02265041667549,1.59682103610076,0.24520625264393,0.0310065784166775,"5"
"212",212,"yellowCards+weight+age+meanIAT","212",0.177554175414609,0.0370532225992904,1.41716745363925,1.36445815241929,1.47191292608964,0.348660128489511,1.14653676835402e-72,"4"
"213",213,"avrate+yellowCards+weight+age+meanIAT","213",0.17807904556349,0.0388265423720906,1.30185390476394,1.05148584562051,1.61183680827292,0.263789329167924,0.0154922124249493,"5"
"214",214,"position+yellowCards+weight+age+meanIAT","214",0.179040008325617,0.0444815965197008,1.51215125035006,1.29775782879242,1.76196309758575,0.413533306054651,1.15118441432601e-07,"5"
"215",215,"avrate+position+yellowCards+weight+age+meanIAT","215",0.179743675684148,0.0465593622259875,1.34130900381337,1.08120828734394,1.66398081181051,0.293646005654717,0.00758803584435457,"6"
"216",216,"height+weight+age+meanIAT","216",0.213900465865607,0.0174005734108166,1.00731633773439,0.991909394497015,1.022962591035,0.00728970316822506,0.353943203910569,"4"
"217",217,"avrate+height+weight+age+meanIAT","217",0.214659324495472,0.0187752171114431,1.26296483501585,1.01179924385607,1.57647891533068,0.23346200055466,0.0390508138880984,"5"
"218",218,"position+height+weight+age+meanIAT","218",0.214986805937182,0.0260420897644681,1.49586951707013,1.27530833827776,1.75457616400549,0.402707654538487,7.50060689235247e-07,"5"
"219",219,"avrate+position+height+weight+age+meanIAT","219",0.215824255439304,0.0274968211233511,1.2811483435346,1.02496179185867,1.60136806189139,0.247756819125334,0.0295131855718705,"6"
"220",220,"yellowCards+height+weight+age+meanIAT","220",0.177589163308298,0.0375410454503636,1.41874109558825,1.36594256270085,1.47358047935122,0.349769925990525,4.92471989290479e-73,"5"
"221",221,"avrate+yellowCards+height+weight+age+meanIAT","221",0.178144558213323,0.0394788545852362,1.31955066083807,1.06563654858138,1.63396605422006,0.277291270190164,0.0109914634875297,"6"
"222",222,"position+yellowCards+height+weight+age+meanIAT","222",0.179024732265556,0.0445431796466935,1.50255075135626,1.28731281016256,1.75377634913473,0.407164164797703,2.44792928104339e-07,"6"
"223",223,"avrate+position+yellowCards+height+weight+age+meanIAT","223",0.179728657803164,0.0466739819866546,1.34747314032075,1.08596680222997,1.67195153678499,0.29823109063074,0.00674607307187832,"7"
"576",576,"age+victories","576",0.203888106344392,0.0406213167284826,1.04188830167919,1.02520316884017,1.05884498426203,0.0410347415000337,6.29802023564327e-07,"2"
"577",577,"avrate+age+victories","577",0.204688129999172,0.0424723892748607,1.31866361127829,1.05022589999299,1.65571399421887,0.276618808061076,0.0172214682453101,"3"
"578",578,"position+age+victories","578",0.20527303301973,0.0502821095348058,1.5731395686855,1.34620536757913,1.83832880343831,0.453073347848586,1.19621712831635e-08,"3"
"579",579,"avrate+position+age+victories","579",0.206261230723011,0.0523703886676382,1.3618781502376,1.083520364144,1.71174641240806,0.308864739876143,0.00810741824723657,"4"
"580",580,"yellowCards+age+victories","580",0.187040724978574,0.0453371365910095,1.22106376404748,1.16608307180334,1.27863679005645,0.199722416572112,1.95492869798739e-17,"3"
"581",581,"avrate+yellowCards+age+victories","581",0.187722209711108,0.0473494409740246,1.32883932972951,1.0650453636086,1.65797065981587,0.284305876809033,0.0117985655826013,"4"
"582",582,"position+yellowCards+age+victories","582",0.188773213044914,0.0546320223623665,1.56938867130936,1.34830313219093,1.82672630718578,0.450686162200001,5.97259774335516e-09,"4"
"583",583,"avrate+position+yellowCards+age+victories","583",0.189638575304023,0.0569609376995114,1.37896942955498,1.10403283095368,1.72237331565999,0.321336430004873,0.00462154422432682,"5"
"584",584,"height+age+victories","584",0.204106501015049,0.0421112819253967,1.01338611616168,1.00355703330856,1.02331146745449,0.0132973137109222,0.00749554371210768,"3"
"585",585,"avrate+height+age+victories","585",0.204920609295328,0.0441198940017845,1.34398127939104,1.07144644915766,1.68583850436354,0.295636312979424,0.010564363817914,"4"
"586",586,"position+height+age+victories","586",0.205317916254272,0.05055390284547,1.52461247514053,1.29471971050301,1.79532541329047,0.421740263104827,4.25232470760946e-07,"4"
"587",587,"avrate+position+height+age+victories","587",0.206281171755103,0.0526762693018514,1.36832009250639,1.08913204615262,1.71907518667791,0.31358377758025,0.00707535859805694,"5"
"588",588,"yellowCards+height+age+victories","588",0.186969612474175,0.0475047224823982,1.2265188240774,1.1713501390869,1.28428586433505,0.204179932399198,3.45747045424865e-18,"4"
"589",589,"avrate+yellowCards+height+age+victories","589",0.187630037757711,0.0497162719614528,1.35754173352069,1.08974491150778,1.69114766106179,0.305675515278403,0.00639975513272237,"5"
"590",590,"position+yellowCards+height+age+victories","590",0.18880623654941,0.0549977426514773,1.52000962106563,1.29640095272152,1.78218724946306,0.418716664486591,2.50405342828917e-07,"5"
"591",591,"avrate+position+yellowCards+height+age+victories","591",0.189635251791565,0.0573733654412646,1.38564547741274,1.10996237666862,1.72980042335939,0.326166079745804,0.00395549949290411,"6"
"592",592,"weight+age+victories","592",0.203932916329185,0.0418201781447501,1.01201756587455,1.00260570962843,1.02151777493688,0.0119459282981826,0.0122160758025736,"3"
"593",593,"avrate+weight+age+victories","593",0.204679133685461,0.0436514496404065,1.32453878223178,1.05602437051136,1.66132812331453,0.281064309959511,0.0150342148292547,"4"
"594",594,"position+weight+age+victories","594",0.205299581818207,0.0505594978494916,1.52737074788337,1.29881059004375,1.79615212516186,0.423547791713115,3.03620784331247e-07,"4"
"595",595,"avrate+position+weight+age+victories","595",0.206229559727561,0.0526052818283352,1.35953149307231,1.08211932604292,1.70806105775261,0.307140150009505,0.00834583257749187,"5"
"596",596,"yellowCards+weight+age+victories","596",0.18695780025342,0.0470402875640601,1.2249766656989,1.16987933060716,1.28266889776403,0.202921795406208,5.51922347407091e-18,"4"
"597",597,"avrate+yellowCards+weight+age+victories","597",0.187562933303809,0.0490230949567839,1.33476496034067,1.07131952635936,1.66299358456351,0.288755216681981,0.0100504419759039,"5"
"598",598,"position+yellowCards+weight+age+victories","598",0.188870880744137,0.0549405538653317,1.52721962984347,1.30419308854931,1.78838533822749,0.423448846832564,1.461635990476e-07,"5"
"599",599,"avrate+position+yellowCards+weight+age+victories","599",0.189672704872566,0.0572256178710189,1.37662187413044,1.1026011221786,1.71874284019406,0.319632580824236,0.00476610437024173,"6"
"600",600,"height+weight+age+victories","600",0.204065214337664,0.0421574900324898,1.00925973248288,0.993440735517568,1.02533062234531,0.00921712398693176,0.252825176438324,"4"
"601",601,"avrate+height+weight+age+victories","601",0.204869191842769,0.0441279246651168,1.34001957928805,1.06804112015471,1.68125780832784,0.292684225265068,0.0114493375347495,"5"
"602",602,"position+height+weight+age+victories","602",0.205315507435468,0.0505987363664749,1.51917622915523,1.28950803245832,1.78974954567017,0.418168233444625,5.72262998388517e-07,"5"
"603",603,"avrate+position+height+weight+age+victories","603",0.206261568996122,0.0526875048280417,1.36502912521219,1.08622070788826,1.71540139047803,0.311175765561078,0.00759750996138971,"6"
"604",604,"yellowCards+height+weight+age+victories","604",0.186968692553708,0.0475670162522123,1.22653880628819,1.1713722204137,1.28430350072631,0.204196224075797,3.42179893415299e-18,"5"
"605",605,"avrate+yellowCards+height+weight+age+victories","605",0.18761153160316,0.0497341674779109,1.35353744838553,1.08627512924923,1.68655580418952,0.302721497502939,0.00698982164526824,"6"
"606",606,"position+yellowCards+height+weight+age+victories","606",0.188844047528593,0.0550248876568545,1.51630480813114,1.29265356882925,1.7786515479503,0.416276327782692,3.17522439201903e-07,"6"
"607",607,"avrate+position+yellowCards+height+weight+age+victories","607",0.189648006077402,0.0573758295672969,1.38370345487671,1.10808809122597,1.72787278033052,0.324763567529508,0.00416241122846976,"7"
"704",704,"age+meanIAT+victories","704",0.203834226873781,0.0407425571320815,1.04172148008544,1.02503484729416,1.05867975604538,0.0408746140178443,7.00748562539861e-07,"3"
"705",705,"avrate+age+meanIAT+victories","705",0.20455463116618,0.0426147303923271,1.32542138796942,1.05545883046707,1.66443427727955,0.281730437533957,0.0153313620400272,"4"
"706",706,"position+age+meanIAT+victories","706",0.205185917354005,0.0504152045840852,1.57322430824377,1.34635045645527,1.83832872947915,0.453127212920531,1.17775368594337e-08,"4"
"707",707,"avrate+position+age+meanIAT+victories","707",0.206079830281357,0.0525248674074252,1.36974370272302,1.08961180438289,1.72189563622797,0.314623644034343,0.00703616703502399,"5"
"708",708,"yellowCards+age+meanIAT+victories","708",0.187126380690142,0.0454356567459017,1.22051121249751,1.16553611159074,1.27807933621126,0.199269797615326,2.3681884453719e-17,"4"
"709",709,"avrate+yellowCards+age+meanIAT+victories","709",0.187751268308277,0.0474762360763517,1.33488067782432,1.0696790866151,1.66583272153836,0.288841907950711,0.010587128008673,"5"
"710",710,"position+yellowCards+age+meanIAT+victories","710",0.18883512221508,0.0547422199386681,1.56952595369274,1.3484687397756,1.82682152478007,0.450773633443966,5.88451030128234e-09,"5"
"711",711,"avrate+position+yellowCards+age+meanIAT+victories","711",0.189629447984384,0.0571007917994375,1.38612781717008,1.10953418096627,1.73167294752417,0.326514116696124,0.00403705077009692,"6"
"712",712,"height+age+meanIAT+victories","712",0.204000987985795,0.0422487969282941,1.01357257104534,1.00373979222819,1.02350167317259,0.0134812887325732,0.00671900233169982,"4"
"713",713,"avrate+height+age+meanIAT+victories","713",0.20471006055683,0.0442777726362651,1.3518234224235,1.07756493502943,1.69588532997584,0.301454364374888,0.00916917253389368,"5"
"714",714,"position+height+age+meanIAT+victories","714",0.205206229766562,0.0506926753877679,1.52336755465694,1.29374498503534,1.79374508378718,0.420923380749529,4.43026857118429e-07,"5"
"715",715,"avrate+position+height+age+meanIAT+victories","715",0.20606227426641,0.0528356476670513,1.37667986220696,1.09563455320959,1.72981715249319,0.319674703397119,0.00607091578175797,"6"
"716",716,"yellowCards+height+age+meanIAT+victories","716",0.187021066295964,0.0476234603708768,1.22595408218452,1.17079453257311,1.28371235926577,0.20371938345579,4.20425692728987e-18,"5"
"717",717,"avrate+yellowCards+height+age+meanIAT+victories","717",0.187597571273498,0.0498650000058119,1.36475724792444,1.09533967001696,1.70044269987358,0.310976572473054,0.00557857224273073,"6"
"718",718,"position+yellowCards+height+age+meanIAT+victories","718",0.188852827563742,0.0551168349189588,1.51901379465453,1.29560823589121,1.78094183444547,0.41806130497762,2.59460448665501e-07,"6"
"719",719,"avrate+position+yellowCards+height+age+meanIAT+victories","719",0.189597770668105,0.0575226918884361,1.3933191008548,1.11589211104301,1.73971847062553,0.331688743118873,0.00341244921862617,"7"
"720",720,"weight+age+meanIAT+victories","720",0.20385653298954,0.0419487752322534,1.01212280321264,1.00270864479352,1.02162534860161,0.0120499105513839,0.0114944834148969,"4"
"721",721,"avrate+weight+age+meanIAT+victories","721",0.204512106716413,0.0437985781594388,1.33164896166746,1.06155680655362,1.6704607291503,0.286417995093127,0.0132690296465966,"5"
"722",722,"position+weight+age+meanIAT+victories","722",0.205202052581704,0.0506939789548591,1.52684615835908,1.29844055333087,1.79543005285497,0.423204273524621,3.07352767732341e-07,"5"
"723",723,"avrate+position+weight+age+meanIAT+victories","723",0.206033103742512,0.0527595806326675,1.36745637427483,1.08827194059271,1.71826256452632,0.312952352995131,0.00723160128766663,"6"
"724",724,"yellowCards+weight+age+meanIAT+victories","724",0.187031867601391,0.0471485758315126,1.22441324566471,1.16932353717589,1.28209836584662,0.202461746116781,6.7151289518613e-18,"5"
"725",725,"avrate+yellowCards+weight+age+meanIAT+victories","725",0.187568148711014,0.0491579764309228,1.34120481702911,1.07629084371475,1.67132366843664,0.293568327184991,0.00892762951042365,"6"
"726",726,"position+yellowCards+weight+age+meanIAT+victories","726",0.188927996395086,0.0550542889217511,1.52681498710149,1.30389795260816,1.78784236923966,0.423183857862169,1.47763239263002e-07,"6"
"727",727,"avrate+position+yellowCards+weight+age+meanIAT+victories","727",0.189653853255592,0.0573678406526951,1.38385188064089,1.10817322370654,1.72811072004431,0.324870828809827,0.00415513746228191,"7"
"728",728,"height+weight+age+meanIAT+victories","728",0.203967687691766,0.0422939897646343,1.00951983867451,0.993693019649716,1.02559873575107,0.00947481055835024,0.239913331218313,"5"
"729",729,"avrate+height+weight+age+meanIAT+victories","729",0.204667870509308,0.0442854655217976,1.34791459133856,1.07419249916531,1.6913856193887,0.298558650941689,0.00993924471433238,"6"
"730",730,"position+height+weight+age+meanIAT+victories","730",0.205209354540621,0.0507358298223938,1.51805909715307,1.28864038892203,1.78832158471842,0.417432609146528,5.93072940627793e-07,"6"
"731",731,"avrate+position+height+weight+age+meanIAT+victories","731",0.206049106909851,0.0528459521983973,1.37346282433395,1.09277229902495,1.72625178320366,0.317335159811899,0.00651728184057155,"7"
"732",732,"yellowCards+height+weight+age+meanIAT+victories","732",0.187024937620151,0.0476845149045109,1.22597828529623,1.17082073520917,1.28373431629512,0.203739125527011,4.15513808130864e-18,"6"
"733",733,"avrate+yellowCards+height+weight+age+meanIAT+victories","733",0.187585085392096,0.0498820598941469,1.36078957941862,1.09189027220403,1.69591059339366,0.308065104382525,0.00609547292526324,"7"
"734",734,"position+yellowCards+height+weight+age+meanIAT+victories","734",0.188892088162786,0.0551428603392809,1.51540562595464,1.29194263962373,1.77752025573193,0.415683143029452,3.27607496495273e-07,"7"
"735",735,"avrate+position+yellowCards+height+weight+age+meanIAT+victories","735",0.189612113773551,0.0575246841613019,1.39145581759283,1.11407207792903,1.73790307707207,0.330350549839636,0.00358843588720727,"8"
